services
"bill_payment,fund_transfer,balance_inquiry"
"mobile_topup,fund_transfer"
"qr_payment,balance_inquiry"
"bill_payment,mobile_topup"
"fund_transfer,balance_inquiry,qr_payment"
"bill_payment,fund_transfer"
"mobile_topup,qr_payment,balance_inquiry"
"fund_transfer,bill_payment"
"qr_payment,mobile_topup"
"balance_inquiry,fund_transfer,bill_payment"
"bill_payment,mobile_topup,qr_payment"
"fund_transfer,balance_inquiry"
"qr_payment,bill_payment"
"mobile_topup,balance_inquiry"
"fund_transfer,qr_payment"
"bill_payment,balance_inquiry"
"mobile_topup,fund_transfer,qr_payment"
"balance_inquiry,bill_payment"
"qr_payment,fund_transfer,mobile_topup"
"bill_payment,fund_transfer,qr_payment" 